Value,Marker,Year,Country,Industry,Direction,Commodity
49837.0,,2008,D5,46,IM,T
961.0,,2008,W1,32,EX,8O
12.0,,2015,W1,22,IM,59
0.0,,2017,IT,91,EX,T
1.0,,2017,W1,16,EX,69
0.0,,2009,SA,U,EX,T
3.0,,2012,OM,32,EX,T
1.0,,2015,W1,23,IM,7E
29.0,,2013,EC,10,IM,T
0.0,,2010,D5,15,IM,7E
0.0,,2013,W1,03,IM,05
71.0,,2008,LT,20,EX,T
,suppressed,2013,D5,20,EX,05
,suppressed,2015,B5,38,EX,43
8.0,,2011,B5,13,IM,66
0.0,,2010,B5,81,IM,78
,suppressed,2009,W1,38,EX,64
207.0,,2009,D5,22,EX,8O
,suppressed,2017,CO,64,IM,T
2.0,,2016,D5,38,IM,78
0.0,,2012,SV,96,EX,T
397.0,,2010,W1,31,IM,8O
9.0,,2015,US,93,EX,T
10.0,,2009,MY,82,IM,T
0.0,,2016,BS,53,EX,T
637.0,,2016,W1,32,IM,8O
1769.0,,2010,W1,17,EX,T
,suppressed,2016,SD,18,EX,T
,suppressed,2008,KZ,45,EX,T
80.0,,2008,B5,28,IM,64
0.0,,2009,TR,39,EX,T
0.0,,2014,MX,73,EX,T
22.0,,2016,B5,72,IM,29
0.0,,2012,GI,45,IM,T
0.0,,2018,W1,08,IM,78
0.0,,2011,TG,72,EX,T
134.0,,2012,RO,14,IM,T
,suppressed,2013,VG,30,EX,T
0.0,,2009,RU,81,EX,T
0.0,,2014,VN,53,IM,T
1464.0,,2017,CN,45,IM,T
0.0,,2016,D5,53,IM,09
0.0,,2016,ZA,15,EX,T
22.0,,2012,B5,47,EX,01
7.0,,2012,TN,72,EX,T
0.0,,2018,FI,02,IM,T
2.0,,2017,TN,82,EX,T
0.0,,2013,TW,53,IM,T
0.0,,2010,MR,74,EX,T
0.0,,2009,GR,71,IM,T
222.0,,2015,FR,82,IM,T
1.0,,2016,LU,30,EX,T
3.0,,2015,BG,47,EX,T
,suppressed,2013,B5,42,IM,68
0.0,,2009,OM,70,EX,T
28.0,,2009,D5,22,IM,7E
0.0,,2014,B5,26,IM,57
4.0,,2017,W1,82,IM,07
0.0,,2018,B5,02,IM,29
0.0,,2008,W1,74,EX,63
,suppressed,2014,AF,85,EX,T
0.0,,2016,VI,51,IM,T
13.0,,2017,AR,26,EX,T
,suppressed,2014,W1,71,EX,61
7.0,,2015,CY,14,EX,T
,suppressed,2014,TG,52,EX,T
4.0,,2016,GT,52,IM,T
1.0,,2011,HU,11,IM,T
3.0,,2009,D5,33,IM,68
,suppressed,2018,AO,25,IM,T
0.0,,2008,B5,20,EX,08
,suppressed,2008,AD,27,EX,T
375.0,,2017,D5,90,EX,8O
,suppressed,2011,B5,53,IM,55
0.0,,2010,KG,19,EX,T
0.0,,2011,SE,78,IM,T
2.0,,2010,ZW,45,EX,T
305.0,,2011,DE,21,IM,T
3.0,,2014,B5,74,EX,64
,suppressed,2010,W1,21,EX,42
0.0,,2013,B5,58,IM,53
0.0,,2017,DZ,96,EX,T
0.0,,2018,SK,58,IM,T
,suppressed,2012,W1,41,EX,87plus88
14.0,,2015,CH,91,EX,T
0.0,,2013,FK,66,EX,T
19.0,,2014,B5,32,IM,69
0.0,,2010,GH,20,IM,T
0.0,,2010,B5,85,IM,52
3.0,,2017,B5,51,IM,8O
60.0,,2009,B5,70,IM,67
0.0,,2017,W1,15,EX,87plus88
0.0,,2018,W1,64,EX,07
0.0,,2012,B5,13,IM,7M
1.0,,2009,IL,43,IM,T
0.0,,2008,ZM,79,IM,T
2.0,,2011,CZ,16,IM,T
486.0,,2012,D5,46,IM,32
0.0,,2013,HU,12,EX,T
0.0,,2014,MV,58,EX,T
,suppressed,2010,PE,50,EX,T
0.0,,2009,MY,80,EX,T
293.0,,2014,W1,10,EX,06
0.0,,2014,W1,82,EX,26
,suppressed,2018,B5,24,IM,58
3.0,,2013,FI,15,EX,T
65.0,,2013,US,68,EX,T
0.0,,2012,VI,24,IM,T
497.0,,2017,DE,33,IM,T
0.0,,2010,BR,27,IM,T
0.0,,2014,B5,U,EX,T
654.0,,2017,B5,10,EX,04
,suppressed,2018,B5,19,IM,24
0.0,,2014,W1,68,IM,01
285.0,,2014,DE,27,IM,T
,suppressed,2014,D5,21,IM,41
,suppressed,2016,D5,49,IM,51
0.0,,2010,SX,46,IM,T
,suppressed,2011,D5,47,IM,68
0.0,,2009,W1,21,EX,9
61.0,,2013,D5,45,EX,8O
0.0,,2012,B5,56,EX,9
8.0,,2015,ID,16,IM,T
1.0,,2018,KE,71,EX,T
0.0,,2011,LV,64,IM,T
,suppressed,2008,B5,82,EX,11
,suppressed,2013,W1,02,IM,7M
2.0,,2016,B5,10,IM,63
0.0,,2010,KW,53,EX,T
0.0,,2009,W1,58,IM,87plus88
12.0,,2010,W1,10,IM,27
0.0,,2013,PH,24,IM,T
0.0,,2014,W1,08,IM,24
,suppressed,2011,B5,13,IM,68
0.0,,2017,B5,73,IM,01
10.0,,2013,B5,72,EX,57
,suppressed,2010,W1,35,EX,33
0.0,,2016,KW,08,EX,T
6.0,,2012,BR,10,EX,T
146.0,,2014,BE,23,IM,T
,suppressed,2008,VN,66,IM,T
,suppressed,2011,W1,46,IM,41
,suppressed,2012,DZ,28,IM,T
0.0,,2017,BQ,93,EX,T
0.0,,2014,GH,42,IM,T
0.0,,2018,MH,30,EX,T
,suppressed,2011,W1,53,EX,84
11.0,,2017,D5,81,IM,7E
0.0,,2014,DO,16,EX,T
5.0,,2011,TR,64,IM,T
,suppressed,2010,B5,58,IM,7M
77.0,,2018,AE,24,EX,T
0.0,,2016,B5,01,IM,51
0.0,,2014,TZ,93,EX,T
0.0,,2018,IL,14,IM,T
0.0,,2010,LI,70,EX,T
1.0,,2017,MU,13,EX,T
1.0,,2016,MA,01,EX,T
28.0,,2016,TW,25,EX,T
23.0,,2012,B5,35,IM,7M
0.0,,2009,MR,77,EX,T
530.0,,2008,US,11,EX,T
47.0,,2011,IT,95,EX,T
47.0,,2012,FR,18,EX,T
0.0,,2013,W1,77,EX,57
0.0,,2011,EG,18,IM,T
2306.0,,2018,W1,20,EX,59
,suppressed,2018,BO,29,EX,T
0.0,,2017,ES,53,IM,T
,suppressed,2017,D5,15,IM,84
4.0,,2010,SY,27,EX,T
1.0,,2009,VN,58,IM,T
2.0,,2016,KW,14,EX,T
0.0,,2008,W1,14,EX,7M
0.0,,2008,MK,10,EX,T
6.0,,2008,GH,26,EX,T
9.0,,2008,OM,96,EX,T
1.0,,2010,NG,09,IM,T
17.0,,2011,OM,26,EX,T
0.0,,2011,DK,12,IM,T
79.0,,2018,D5,82,IM,64
0.0,,2014,B5,74,IM,06
0.0,,2011,PA,27,IM,T
0.0,,2018,LU,32,IM,T
18.0,,2016,ZA,72,IM,T
0.0,,2014,LU,81,EX,T
,suppressed,2008,W1,79,EX,7E
7.0,,2010,DZ,26,EX,T
,suppressed,2018,KR,95,EX,T
20.0,,2010,W1,23,IM,59
32.0,,2011,IS,46,EX,T
1.0,,2018,AO,24,EX,T
7.0,,2016,JP,52,EX,T
0.0,,2014,CI,49,EX,T
15.0,,2008,JO,28,EX,T
0.0,,2016,B5,74,EX,58
383.0,,2010,D5,17,EX,64
448.0,,2014,B5,47,IM,01
4.0,,2018,D5,78,EX,87plus88
1.0,,2017,D5,38,IM,78
0.0,,2013,MV,30,EX,T
1.0,,2012,D5,52,IM,59
2.0,,2016,SK,62,IM,T
0.0,,2018,W1,70,EX,34
1.0,,2014,UG,01,EX,T
2.0,,2011,W1,31,IM,61
0.0,,2018,BO,33,IM,T
,suppressed,2009,B5,06,IM,51
3.0,,2017,ID,31,IM,T
1.0,,2012,W1,09,EX,84
16.0,,2014,D5,19,IM,59
7.0,,2014,NZ,20,IM,T
0.0,,2012,BG,59,IM,T
29.0,,2009,D5,77,IM,67
,suppressed,2017,B5,64,EX,79
1.0,,2013,CM,47,EX,T
0.0,,2010,W1,09,EX,33
,suppressed,2008,IN,91,IM,T
0.0,,2014,D5,25,IM,06
0.0,,2017,PL,56,IM,T
,suppressed,2012,DE,87,IM,T
0.0,,2016,D5,30,IM,55
1.0,,2010,B5,52,EX,05
43.0,,2009,D5,28,IM,87plus88
0.0,,2008,UY,27,EX,T
,suppressed,2018,W1,53,EX,7M
0.0,,2015,BY,72,EX,T
2.0,,2013,DK,17,EX,T
1034.0,,2012,ZA,46,IM,T
,suppressed,2015,D5,27,IM,67
37.0,,2017,D5,64,IM,8O
1.0,,2013,CN,58,EX,T
0.0,,2018,SL,77,EX,T
2.0,,2010,ET,82,EX,T
0.0,,2018,TD,24,EX,T
0.0,,2017,EC,25,IM,T
0.0,,2013,NZ,68,IM,T
6.0,,2015,IT,50,IM,T
61.0,,2015,EG,47,IM,T
,suppressed,2010,W1,01,EX,05
0.0,,2018,D5,96,IM,27
0.0,,2016,W1,49,IM,66
0.0,,2014,LY,23,EX,T
6.0,,2012,TR,68,IM,T
0.0,,2009,BS,18,IM,T
0.0,,2016,W1,09,IM,66
2.0,,2012,AE,03,EX,T
0.0,,2018,DZ,23,EX,T
12.0,,2009,W1,42,EX,79
0.0,,2010,CA,94,IM,T
0.0,,2018,W1,01,EX,64
4.0,,2017,IR,26,EX,T
73.0,,2009,FR,61,EX,T
470.0,,2010,CN,28,IM,T
378.0,,2018,KR,30,IM,T
157.0,,2015,JP,26,IM,T
0.0,,2018,PY,26,EX,T
,suppressed,2012,AR,29,IM,T
0.0,,2009,SE,56,IM,T
175.0,,2008,W1,30,IM,7E
0.0,,2015,W1,19,IM,69
0.0,,2014,CM,47,IM,T
0.0,,2012,D5,23,EX,63
12.0,,2016,B5,56,IM,05
114.0,,2015,D5,22,IM,58
0.0,,2009,CY,01,IM,T
0.0,,2011,CA,91,EX,T
1.0,,2009,MX,47,IM,T
,suppressed,2013,AZ,90,EX,T
9.0,,2014,AZ,33,EX,T
9.0,,2012,D5,46,EX,12
35.0,,2011,RO,26,EX,T
23.0,,2013,IL,71,IM,T
,suppressed,2009,W1,20,EX,00
,suppressed,2012,W1,88,EX,7M
,suppressed,2017,W1,53,EX,54
,suppressed,2013,KR,51,IM,T
,suppressed,2012,D5,41,EX,87plus88
0.0,,2009,D5,30,EX,33
0.0,,2009,D5,08,EX,53
7.0,,2009,NG,18,EX,T
,suppressed,2015,D5,35,EX,34
0.0,,2010,W1,32,IM,04
0.0,,2014,D5,80,EX,9
3.0,,2008,B5,08,IM,59
20.0,,2011,B5,41,IM,63
,suppressed,2008,B5,95,IM,64
55.0,,2018,OM,33,IM,T
0.0,,2017,MT,70,IM,T
0.0,,2015,ZM,10,IM,T
0.0,,2018,BD,26,IM,T
,suppressed,2008,B5,08,EX,24
130.0,,2016,W1,28,IM,68
,suppressed,2012,W1,71,IM,33
0.0,,2014,ML,72,EX,T
256.0,,2017,B5,30,EX,7E
,suppressed,2009,PL,U,IM,T
0.0,,2014,W1,49,EX,29
0.0,,2013,W1,50,IM,87plus88
0.0,,2013,AR,33,IM,T
0.0,,2018,MH,46,EX,T
0.0,,2009,FO,77,IM,T
0.0,,2017,PH,95,IM,T
,suppressed,2008,B5,52,EX,85
0.0,,2017,B5,55,EX,7E
,suppressed,2009,NA,41,EX,T
0.0,,2016,D5,62,EX,58
123.0,,2018,W1,32,IM,7M
0.0,,2008,PL,06,IM,T
0.0,,2014,D5,69,IM,84
,suppressed,2012,W1,33,IM,84
0.0,,2013,B5,49,EX,59
,suppressed,2016,B5,73,IM,04
0.0,,2018,TG,62,EX,T
3211.0,,2011,B5,22,IM,T
4.0,,2009,BG,10,EX,T
,suppressed,2010,PA,30,EX,T
0.0,,2012,D5,87,EX,84
0.0,,2009,GD,16,EX,T
,suppressed,2017,NL,50,EX,T
0.0,,2017,B5,60,IM,7M
,suppressed,2018,BY,20,EX,T
1371.0,,2016,B5,U,IM,54
119.0,,2010,JP,27,IM,T
5.0,,2014,IT,86,EX,T
43.0,,2018,BR,45,EX,T
,suppressed,2009,W1,33,EX,66
219.0,,2013,W1,72,IM,59
0.0,,2013,NZ,02,IM,T
207.0,,2015,ES,38,EX,T
0.0,,2018,MO,72,EX,T
23.0,,2008,TR,11,EX,T
0.0,,2011,D5,45,IM,67
0.0,,2017,W1,33,EX,51
64.0,,2018,KE,33,IM,T
,suppressed,2012,KE,28,IM,T
0.0,,2014,W1,05,IM,7E
94.0,,2008,EG,46,EX,T
1.0,,2014,CH,79,IM,T
0.0,,2011,TN,51,EX,T
0.0,,2014,CD,62,EX,T
,suppressed,2012,B5,47,IM,12
239.0,,2008,W1,82,IM,54
32.0,,2016,KE,28,EX,T
0.0,,2014,W1,69,IM,52
282.0,,2010,RU,28,EX,T
0.0,,2008,RU,03,EX,T
9.0,,2008,D5,23,EX,69
6.0,,2016,IT,16,IM,T
10.0,,2008,W1,32,EX,64
0.0,,2008,HU,91,IM,T
,suppressed,2013,MY,61,IM,T
0.0,,2014,PH,11,IM,T
0.0,,2014,PE,96,EX,T
0.0,,2013,XK,26,EX,T
,suppressed,2010,BN,71,EX,T
5.0,,2014,D5,38,IM,7M
36.0,,2012,ID,38,EX,T
45.0,,2017,W1,32,EX,55
0.0,,2017,HK,94,EX,T
,suppressed,2011,FI,69,IM,T
0.0,,2014,TR,55,EX,T
1.0,,2013,GR,17,EX,T
,suppressed,2015,D5,42,IM,9
193.0,,2012,RU,33,EX,T
9020.0,,2017,W1,51,IM,T
,suppressed,2016,D5,90,IM,84
720.0,,2017,JP,29,EX,T
0.0,,2009,FK,33,IM,T
2747.0,,2017,W1,52,IM,T
136.0,,2014,B5,46,EX,22
50.0,,2016,NL,23,IM,T
,suppressed,2014,B5,24,IM,9
247.0,,2018,D5,82,IM,01
174.0,,2012,TH,46,EX,T
0.0,,2008,W1,41,EX,53
,suppressed,2008,B5,73,IM,54
,suppressed,2017,B5,20,EX,67
1.0,,2015,BH,17,EX,T
4.0,,2013,D5,41,IM,7M
48.0,,2013,NL,21,IM,T
2666.0,,2010,B5,29,EX,7M
0.0,,2015,D5,21,EX,65
0.0,,2014,GL,25,EX,T
2.0,,2009,LU,96,EX,T
0.0,,2012,NO,75,EX,T
,suppressed,2009,GR,51,IM,T
0.0,,2015,SK,30,IM,T
1.0,,2015,SK,58,EX,T
93.0,,2015,HK,27,IM,T
95.0,,2017,B5,28,EX,69
,suppressed,2010,LI,33,EX,T
,suppressed,2013,D5,82,IM,52
3.0,,2009,CY,49,EX,T
0.0,,2011,B5,41,EX,84
0.0,,2013,TD,14,IM,T
0.0,,2018,W1,96,EX,00
0.0,,2011,XK,10,EX,T
,suppressed,2014,B5,90,IM,84
,suppressed,2014,GH,80,EX,T
,suppressed,2010,W1,38,EX,64
,suppressed,2013,EE,78,EX,T
0.0,,2013,D5,32,IM,63
117.0,,2009,AU,33,EX,T
,suppressed,2008,W1,17,IM,7E
3660.0,,2013,SE,46,IM,T
0.0,,2012,D5,84,IM,52
,suppressed,2016,D5,49,IM,05
0.0,,2010,W1,50,EX,25
0.0,,2015,D5,14,EX,9
0.0,,2010,BS,42,EX,T
0.0,,2011,LY,66,EX,T
0.0,,2018,D5,85,EX,03
0.0,,2008,IS,71,IM,T
545.0,,2012,SE,19,IM,T
0.0,,2016,AO,24,IM,T
0.0,,2008,HR,22,IM,T
23.0,,2009,B5,96,IM,87plus88
7.0,,2016,FI,71,EX,T
2.0,,2011,VE,71,EX,T
0.0,,2015,MY,07,EX,T
0.0,,2011,EC,10,EX,T
,suppressed,2017,W1,46,EX,08
,suppressed,2015,D5,06,IM,34
52.0,,2015,AE,45,EX,T
1.0,,2015,DM,46,EX,T
0.0,,2017,DM,10,IM,T
0.0,,2012,PL,03,IM,T
,suppressed,2008,B5,16,EX,26
108.0,,2014,ID,10,IM,T
3.0,,2018,D5,81,EX,87plus88
12.0,,2017,W1,73,EX,87plus88
,suppressed,2017,W1,65,EX,T
0.0,,2011,SA,64,EX,T
,suppressed,2017,W1,56,IM,04
0.0,,2017,D5,75,IM,63
0.0,,2012,DZ,49,EX,T
0.0,,2018,TR,81,EX,T
0.0,,2010,TW,95,IM,T
99.0,,2014,W1,77,EX,7E
0.0,,2014,W1,16,IM,57
0.0,,2016,B5,62,EX,78
3.0,,2009,KE,18,EX,T
0.0,,2011,JM,82,IM,T
0.0,,2018,IT,53,IM,T
,suppressed,2018,W1,82,IM,79
1.0,,2018,RS,18,EX,T
0.0,,2015,GI,56,EX,T
0.0,,2008,AO,52,IM,T
0.0,,2014,W1,17,EX,42
0.0,,2009,W1,81,IM,32
,suppressed,2017,W1,35,IM,32
4.0,,2017,W1,71,EX,66
550.0,,2015,B5,47,IM,29
85.0,,2008,D5,82,IM,7M
4.0,,2008,TH,62,EX,T
0.0,,2011,HN,26,EX,T
,suppressed,2012,D5,13,IM,28
0.0,,2015,TH,69,IM,T
2.0,,2008,JO,11,EX,T
,suppressed,2011,MA,09,EX,T
0.0,,2009,B5,53,EX,25
,suppressed,2012,NA,32,IM,T
0.0,,2017,OM,66,IM,T
0.0,,2013,DJ,29,EX,T
10.0,,2008,D5,35,EX,T
6.0,,2012,LU,30,EX,T
0.0,,2016,NC,46,EX,T
0.0,,2018,KE,90,EX,T
0.0,,2017,HN,88,EX,T
,suppressed,2018,NL,05,EX,T
0.0,,2008,W1,72,EX,67
1.0,,2011,W1,13,IM,57
,suppressed,2015,D5,46,EX,00
,suppressed,2010,W1,10,IM,02
6.0,,2015,IS,71,IM,T
0.0,,2017,IQ,70,EX,T
8.0,,2015,TR,64,IM,T
0.0,,2013,IS,69,EX,T
39.0,,2012,B5,32,EX,66
71.0,,2018,US,90,IM,T
3.0,,2010,AT,74,IM,T
6.0,,2018,IL,71,EX,T
0.0,,2017,D5,23,IM,07
0.0,,2015,GD,47,EX,T
0.0,,2013,TZ,74,EX,T
1.0,,2011,D5,69,EX,62
0.0,,2016,NG,73,EX,T
1.0,,2013,JO,77,EX,T
22.0,,2012,B5,21,IM,8O
,suppressed,2012,D5,59,EX,87plus88
0.0,,2008,CU,93,IM,T
,suppressed,2018,BJ,46,IM,T
0.0,,2018,SE,86,EX,T
0.0,,2009,UY,43,IM,T
2.0,,2008,GI,45,IM,T
3157.0,,2016,B5,21,EX,T
1.0,,2008,D5,81,IM,84
,suppressed,2014,D5,62,IM,61
0.0,,2012,B5,70,EX,42
0.0,,2016,AR,81,IM,T
3.0,,2016,SA,31,EX,T
,suppressed,2017,HU,56,IM,T
,suppressed,2013,PE,32,IM,T
0.0,,2009,LB,68,IM,T
0.0,,2011,AR,06,IM,T
0.0,,2010,HR,09,IM,T
,suppressed,2008,HR,68,EX,T
0.0,,2016,W1,73,IM,01
19.0,,2014,LT,13,EX,T
0.0,,2016,TT,49,EX,T
,suppressed,2017,B5,09,EX,65
4.0,,2016,IR,22,EX,T
0.0,,2008,W1,78,EX,05
11.0,,2013,MY,27,IM,T
0.0,,2015,ES,90,IM,T
0.0,,2017,D5,10,EX,87plus88
719.0,,2009,B5,U,IM,11
50.0,,2015,B5,70,IM,05
0.0,,2010,B5,25,IM,51
,suppressed,2008,W1,81,EX,54
,suppressed,2010,NL,51,IM,T
0.0,,2008,DJ,10,EX,T
0.0,,2012,W1,92,IM,64
69.0,,2009,D5,72,EX,7E
1.0,,2013,D5,41,EX,62
2.0,,2015,PH,72,IM,T
0.0,,2012,QA,90,IM,T
0.0,,2008,AU,08,EX,T
0.0,,2013,GL,28,EX,T
0.0,,2012,SV,01,EX,T
57.0,,2010,HU,22,IM,T
0.0,,2017,W1,93,IM,08
2.0,,2014,BG,08,EX,T
71.0,,2016,W1,81,IM,69
,suppressed,2016,W1,90,IM,84
0.0,,2017,B5,32,IM,33
,suppressed,2010,D5,60,EX,87plus88
100.0,,2018,NO,10,IM,T
0.0,,2014,B5,19,IM,68
1.0,,2008,QA,28,IM,T
0.0,,2011,XK,26,EX,T
73.0,,2008,D5,70,EX,55
0.0,,2012,CY,21,EX,T
1.0,,2017,BG,13,IM,T
0.0,,2012,W1,01,IM,09
,suppressed,2009,UZ,27,EX,T
0.0,,2015,CO,31,EX,T
531.0,,2016,B5,33,EX,T
0.0,,2014,EE,64,IM,T
186.0,,2013,D5,71,IM,7E
0.0,,2011,D5,69,IM,84
0.0,,2011,W1,49,IM,27
0.0,,2016,W1,19,EX,42
,suppressed,2013,W1,46,IM,61
,suppressed,2013,CH,91,IM,T
0.0,,2012,B5,38,EX,32
,suppressed,2018,D5,01,EX,07
0.0,,2009,SM,32,EX,T
0.0,,2017,D5,96,IM,27
0.0,,2009,TR,90,IM,T
0.0,,2008,W1,26,IM,29
26.0,,2012,AZ,09,EX,T
0.0,,2014,EE,29,IM,T
0.0,,2012,B5,53,IM,69
9.0,,2010,B5,52,EX,69
30.0,,2014,ZA,62,EX,T
37.0,,2014,W1,32,IM,57
,suppressed,2013,W1,71,EX,61
110.0,,2018,EG,46,EX,T
0.0,,2012,D5,09,EX,26
0.0,,2018,JO,71,IM,T
0.0,,2016,EE,14,EX,T
1.0,,2017,B5,82,IM,56
47.0,,2008,IE,60,EX,T
0.0,,2010,DK,93,EX,T
,suppressed,2011,W1,10,EX,9
,suppressed,2018,W1,46,IM,26
3.0,,2013,JO,11,EX,T
1.0,,2011,GH,47,IM,T
,suppressed,2012,W1,22,IM,25
4.0,,2011,TZ,26,EX,T
,suppressed,2015,LY,13,IM,T
0.0,,2014,B5,64,IM,62
0.0,,2010,PH,95,EX,T
0.0,,2017,D5,63,EX,7M
1705.0,,2018,B5,61,IM,7E
0.0,,2009,B5,56,EX,66
,suppressed,2015,RS,71,IM,T
,suppressed,2011,CR,47,IM,T
5.0,,2008,KR,22,IM,T
126.0,,2017,W1,20,IM,69
0.0,,2012,IL,81,EX,T
11.0,,2014,ES,49,EX,T
0.0,,2013,W1,50,EX,03
1.0,,2015,DJ,25,EX,T
0.0,,2009,BR,62,IM,T
0.0,,2018,TH,68,EX,T
0.0,,2014,D5,24,EX,33
,suppressed,2014,W1,06,IM,59
0.0,,2011,RU,12,EX,T
0.0,,2017,FI,05,EX,T
727.0,,2010,CN,38,EX,T
9.0,,2015,RO,82,EX,T
0.0,,2017,CY,66,EX,T
0.0,,2009,W1,21,IM,07
2.0,,2009,SI,10,EX,T
0.0,,2010,W1,11,IM,42
5.0,,2017,MA,27,EX,T
0.0,,2010,BY,28,IM,T
1.0,,2010,LU,26,IM,T
28.0,,2018,D5,38,IM,28
28.0,,2017,BE,01,IM,T
,suppressed,2016,UA,42,IM,T
0.0,,2013,PA,13,EX,T
5.0,,2015,D5,25,EX,65
0.0,,2013,LV,78,IM,T
0.0,,2012,D5,85,IM,66
0.0,,2018,TZ,06,IM,T
337.0,,2016,NO,46,EX,T
137.0,,2016,CH,72,EX,T
3.0,,2013,PT,42,IM,T
1.0,,2011,KW,96,EX,T
2.0,,2018,CH,15,EX,T
0.0,,2017,DE,92,IM,T
,suppressed,2015,B5,49,EX,29
0.0,,2018,TW,92,IM,T
0.0,,2018,BR,91,EX,T
14.0,,2010,KR,10,EX,T
,suppressed,2012,MT,45,IM,T
0.0,,2009,AZ,17,EX,T
0.0,,2008,W1,24,EX,64
0.0,,2017,BS,53,EX,T
19.0,,2013,PH,10,IM,T
5.0,,2010,HK,80,IM,T
,suppressed,2016,AE,71,IM,T
0.0,,2014,KH,85,EX,T
29.0,,2015,EC,46,EX,T
12.0,,2018,B5,70,EX,51
1.0,,2018,AT,49,EX,T
0.0,,2014,W1,55,IM,69
,suppressed,2010,SH,41,EX,T
,suppressed,2017,W1,21,EX,57
39.0,,2011,B5,17,EX,25
2.0,,2012,MM,28,EX,T
0.0,,2009,CR,62,EX,T
0.0,,2017,D5,26,IM,62
,suppressed,2008,D5,42,EX,58
6.0,,2017,TR,77,EX,T
52.0,,2009,D5,17,IM,8O
0.0,,2017,W1,12,IM,7M
,suppressed,2008,D5,16,IM,29
,suppressed,2013,W1,35,EX,34
,suppressed,2011,W1,30,IM,28
0.0,,2017,BY,81,EX,T
,suppressed,2014,CO,52,IM,T
10.0,,2015,W1,01,IM,27
65.0,,2008,B5,21,EX,55
0.0,,2011,EG,16,EX,T
0.0,,2017,TN,38,IM,T
12.0,,2018,W1,31,EX,65
0.0,,2017,W1,95,IM,63
1.0,,2015,DK,81,EX,T
0.0,,2017,B5,47,IM,21
22.0,,2013,D5,63,EX,7E
,suppressed,2016,D5,66,IM,23
0.0,,2017,HR,85,IM,T
0.0,,2010,B5,74,EX,61
18.0,,2015,B5,68,EX,84
0.0,,2018,VE,82,EX,T
3.0,,2014,CN,43,EX,T
54.0,,2017,BE,52,EX,T
0.0,,2009,D5,96,IM,54
612.0,,2009,HK,46,EX,T
0.0,,2015,W1,84,EX,87plus88
,suppressed,2015,W1,69,EX,33
0.0,,2015,CG,21,EX,T
0.0,,2016,AL,23,EX,T
0.0,,2015,W1,51,EX,66
10.0,,2017,CN,69,IM,T
0.0,,2011,D5,62,EX,09
,suppressed,2012,VG,26,IM,T
55.0,,2010,B5,25,IM,78
,suppressed,2013,D5,91,EX,87plus88
0.0,,2012,B5,41,EX,00
,suppressed,2012,W1,51,IM,33
1.0,,2010,W1,66,EX,7E
0.0,,2012,UG,53,EX,T
0.0,,2012,GI,70,IM,T
,suppressed,2018,D5,21,EX,08
,suppressed,2013,GQ,22,EX,T
0.0,,2011,BG,16,IM,T
0.0,,2015,W1,41,IM,85
30.0,,2012,B5,43,IM,67
3.0,,2018,B5,15,IM,53
0.0,,2012,AR,24,IM,T
0.0,,2011,W1,49,IM,04
1.0,,2009,PK,74,EX,T
0.0,,2010,VI,28,EX,T
5.0,,2014,W1,24,IM,62
0.0,,2011,D5,50,EX,05
0.0,,2008,CY,U,IM,T
86.0,,2018,D5,64,IM,69
0.0,,2009,RS,72,EX,T
82.0,,2013,TR,70,IM,T
5145.0,,2010,W1,72,IM,T
1.0,,2018,D5,46,EX,56
0.0,,2010,CL,27,IM,T
0.0,,2017,D5,38,EX,52
6.0,,2012,B5,72,IM,78
2.0,,2008,BM,29,EX,T
0.0,,2012,W1,66,EX,51
,suppressed,2018,FJ,28,IM,T
0.0,,2012,D5,69,IM,62
0.0,,2013,CL,08,IM,T
0.0,,2012,D5,10,EX,56
0.0,,2017,PA,26,IM,T
0.0,,2014,SY,77,EX,T
0.0,,2016,PE,51,EX,T
32.0,,2014,EC,46,IM,T
0.0,,2018,W1,06,EX,66
0.0,,2011,B5,41,IM,9
,suppressed,2013,CH,U,EX,T
11.0,,2018,AE,64,EX,T
0.0,,2017,EC,45,EX,T
63.0,,2017,D5,35,IM,87plus88
52.0,,2016,B5,20,IM,54
7.0,,2017,W1,56,IM,11
,suppressed,2017,W1,46,EX,23
2.0,,2012,LB,13,EX,T
0.0,,2016,W1,84,IM,52
14.0,,2013,B5,42,IM,33
0.0,,2013,B5,05,IM,7M
0.0,,2011,D5,64,EX,08
0.0,,2011,CY,71,IM,T
0.0,,2012,IR,82,IM,T
,suppressed,2008,MO,32,EX,T
8690.0,,2011,W1,45,EX,T
0.0,,2016,CY,95,IM,T
2.0,,2017,W1,30,EX,57
,suppressed,2015,VN,94,IM,T
1.0,,2018,NL,68,IM,T
0.0,,2014,ID,37,EX,T
0.0,,2018,D5,22,IM,09
0.0,,2015,SA,03,EX,T
0.0,,2009,W1,55,EX,33
9.0,,2017,SG,58,IM,T
0.0,,2012,SC,81,EX,T
0.0,,2015,RS,81,EX,T
0.0,,2011,TW,42,IM,T
5977.0,,2010,B5,46,EX,7E
0.0,,2010,D5,93,IM,09
0.0,,2008,W1,69,IM,51
0.0,,2011,CG,62,EX,T
1.0,,2014,B5,25,EX,59
0.0,,2008,MV,46,EX,T
2.0,,2016,MG,46,IM,T
0.0,,2013,AZ,69,EX,T
1.0,,2013,NZ,08,EX,T
,suppressed,2008,MX,06,EX,T
1.0,,2010,D5,74,IM,55
124.0,,2013,W1,45,EX,87plus88
3.0,,2016,IL,01,EX,T
3.0,,2018,D5,38,EX,62
0.0,,2014,D5,20,IM,78
0.0,,2018,B5,45,EX,67
0.0,,2016,D5,49,EX,33
0.0,,2009,W1,25,IM,03
2.0,,2009,D5,79,EX,87plus88
0.0,,2018,PE,19,IM,T
0.0,,2018,GN,09,EX,T
0.0,,2015,HK,79,EX,T
233.0,,2012,D5,52,IM,8O
17.0,,2012,W1,41,EX,8O
0.0,,2014,CI,01,IM,T
4.0,,2015,FR,59,EX,T
0.0,,2008,SV,25,EX,T
4153.0,,2016,W1,62,IM,7E
19.0,,2018,MD,14,EX,T
18.0,,2016,PT,21,IM,T
,suppressed,2013,ME,50,EX,T
0.0,,2015,AE,55,EX,T
1.0,,2016,AD,46,EX,T
145.0,,2012,D5,70,EX,51
0.0,,2014,QA,18,EX,T
1342.0,,2010,W1,47,IM,11
0.0,,2012,D5,56,EX,87plus88
,suppressed,2015,D5,32,IM,28
0.0,,2012,NZ,15,EX,T
,suppressed,2008,D5,22,EX,9
0.0,,2014,W1,52,EX,34
0.0,,2012,D5,64,EX,27
0.0,,2010,B5,28,IM,54
0.0,,2009,NL,55,EX,T
22.0,,2017,D5,77,IM,87plus88
,suppressed,2015,W1,92,IM,64
,suppressed,2018,W1,65,EX,T
205.0,,2010,IT,47,EX,T
385.0,,2015,D5,09,IM,79
0.0,,2013,B5,93,IM,62
0.0,,2014,B5,14,IM,61
0.0,,2013,D5,35,EX,32
0.0,,2008,KE,71,EX,T
,suppressed,2010,W1,08,IM,33
9.0,,2017,W1,13,IM,58
0.0,,2010,B5,96,IM,05
0.0,,2011,D5,62,IM,59
0.0,,2017,D5,77,EX,25
1.0,,2012,PK,23,EX,T
107.0,,2011,NZ,47,IM,T
383.0,,2009,D5,10,IM,03
0.0,,2008,W1,81,IM,51
0.0,,2015,W1,16,IM,27
,suppressed,2013,AD,70,EX,T
,suppressed,2013,AU,02,EX,T
9.0,,2014,PH,22,EX,T
,suppressed,2014,B5,73,IM,54
56.0,,2012,W1,22,EX,87plus88
0.0,,2011,D5,12,EX,64
173.0,,2008,RU,47,EX,T
0.0,,2016,IE,02,IM,T
,suppressed,2016,BE,35,EX,T
,suppressed,2016,PA,10,IM,T
0.0,,2017,SI,96,IM,T
0.0,,2015,ID,64,IM,T
8.0,,2013,MY,13,IM,T
0.0,,2008,W1,70,EX,29
86.0,,2008,CN,71,EX,T
856.0,,2011,NO,20,IM,T
0.0,,2017,B5,82,IM,25
17.0,,2008,B5,20,IM,42
36.0,,2018,D5,24,IM,7M
27.0,,2014,SK,25,EX,T
120.0,,2008,W1,70,IM,7M
0.0,,2017,LU,17,IM,T
0.0,,2011,W1,74,IM,67
0.0,,2016,B5,94,EX,84
0.0,,2017,CV,74,EX,T
0.0,,2010,B5,50,IM,65
,suppressed,2018,B5,43,EX,54
,suppressed,2008,LU,64,IM,T
1.0,,2011,D5,86,IM,54
,suppressed,2013,GT,71,EX,T
0.0,,2008,D5,10,IM,11
,suppressed,2013,FR,15,IM,T
18.0,,2015,B5,32,IM,58
0.0,,2008,CL,66,IM,T
0.0,,2018,W1,59,EX,65
11.0,,2018,B5,56,IM,05
0.0,,2012,D5,15,IM,9
33.0,,2013,D5,50,EX,8O
5574.0,,2017,W1,11,EX,11
3.0,,2013,W1,26,EX,67
1.0,,2011,B5,68,EX,69
0.0,,2015,BI,71,EX,T
,suppressed,2008,D5,55,IM,78
78.0,,2010,B5,82,IM,01
1.0,,2015,RS,61,EX,T
0.0,,2011,D5,31,EX,78
0.0,,2016,W1,23,IM,55
1.0,,2011,BZ,46,EX,T
0.0,,2018,MM,30,EX,T
0.0,,2013,D5,12,IM,7M
,suppressed,2010,D5,23,EX,55
354.0,,2010,D5,49,EX,T
0.0,,2010,D5,10,EX,84
265.0,,2017,W1,46,EX,58
0.0,,2017,IR,64,IM,T
57.0,,2013,B5,82,IM,7E
0.0,,2008,SA,17,IM,T
5.0,,2015,BR,32,EX,T
0.0,,2012,D5,32,IM,61
0.0,,2018,JP,35,IM,T
0.0,,2016,B5,62,IM,9
0.0,,2013,VE,38,EX,T
69.0,,2012,US,95,IM,T
1.0,,2012,CA,85,EX,T
,suppressed,2012,W1,78,IM,52
0.0,,2016,YE,09,EX,T
29.0,,2008,D5,19,EX,59
0.0,,2010,MX,50,EX,T
0.0,,2011,BA,49,EX,T
,suppressed,2014,W1,52,EX,43
0.0,,2008,D5,45,IM,68
,suppressed,2013,W1,22,IM,52
0.0,,2010,D5,71,IM,02
0.0,,2011,BR,56,IM,T
0.0,,2012,W1,64,IM,08
0.0,,2017,YE,96,IM,T
0.0,,2016,D5,10,IM,11
,suppressed,2018,NO,58,IM,T
34.0,,2011,IE,08,EX,T
0.0,,2011,GD,30,IM,T
3.0,,2015,CI,20,EX,T
0.0,,2012,D5,18,IM,26
4.0,,2013,W1,43,EX,78
,suppressed,2008,LI,46,IM,T
279.0,,2008,D5,49,IM,T
0.0,,2008,CU,33,IM,T
0.0,,2014,IN,42,EX,T
,suppressed,2008,W1,19,IM,42
2.0,,2016,TT,24,EX,T
0.0,,2008,D5,53,EX,55
0.0,,2011,VE,73,EX,T
0.0,,2016,W1,88,IM,7E
344.0,,2013,BD,46,IM,T
14.0,,2015,W1,20,EX,26
15.0,,2013,B5,86,IM,54
0.0,,2008,SY,93,EX,T
0.0,,2018,W1,96,EX,66
0.0,,2013,D5,26,EX,33
1654.0,,2013,B5,11,EX,11
63.0,,2010,ES,96,IM,T
,suppressed,2008,B5,96,EX,09
0.0,,2017,B5,74,EX,53
,suppressed,2018,D5,51,EX,87plus88
614.0,,2015,CN,61,IM,T
7.0,,2017,US,08,EX,T
,suppressed,2008,D5,06,IM,67
0.0,,2018,GI,37,EX,T
0.0,,2014,B5,50,IM,78
,suppressed,2008,W1,88,EX,54
0.0,,2016,B5,95,EX,67
0.0,,2008,D5,68,IM,63
,suppressed,2012,WS,70,EX,T
166.0,,2016,W1,80,IM,T
,suppressed,2016,W1,79,IM,87plus88
69.0,,2011,PT,29,EX,T
0.0,,2014,SZ,20,EX,T
0.0,,2011,SE,01,IM,T
1.0,,2008,GY,25,EX,T
0.0,,2014,D5,29,IM,61
,suppressed,2017,B5,66,IM,8O
192.0,,2013,RU,33,EX,T
34.0,,2012,D5,32,IM,69
26.0,,2009,B5,32,IM,69
0.0,,2010,GI,25,EX,T
0.0,,2010,MA,96,EX,T
2.0,,2013,B5,33,EX,69
0.0,,2012,DO,12,IM,T
,suppressed,2010,KH,45,EX,T
,suppressed,2013,B5,51,EX,7E
0.0,,2014,D5,02,EX,64
,suppressed,2016,ID,80,EX,T
0.0,,2013,CY,71,EX,T
85.0,,2013,ES,23,IM,T
1.0,,2017,AU,15,EX,T
,suppressed,2014,B5,50,EX,85
0.0,,2010,W1,96,IM,33
0.0,,2015,GN,41,EX,T
,suppressed,2008,SK,10,IM,T
3.0,,2014,D5,59,EX,87plus88
,suppressed,2009,W1,62,IM,68
0.0,,2016,DO,47,IM,T
0.0,,2014,B5,19,EX,69
0.0,,2014,B5,55,EX,8O
0.0,,2008,B5,86,EX,54
5.0,,2014,IS,70,EX,T
,suppressed,2009,W1,45,IM,9
42.0,,2011,BD,14,IM,T
,suppressed,2012,LY,77,EX,T
7.0,,2014,KY,46,EX,T
6.0,,2010,EG,96,EX,T
0.0,,2018,MW,27,EX,T
2.0,,2015,D5,32,EX,53
7.0,,2018,GR,13,IM,T
2098.0,,2016,SG,30,EX,T
25.0,,2018,MA,47,IM,T
702.0,,2009,B5,24,IM,67
0.0,,2008,CO,64,IM,T
0.0,,2017,FK,32,EX,T
10.0,,2013,KE,20,EX,T
1.0,,2018,TR,74,IM,T
0.0,,2012,MX,64,EX,T
325.0,,2008,B5,25,EX,7M
,suppressed,2018,GM,46,IM,T
2.0,,2014,B5,32,EX,67
3.0,,2009,D5,49,EX,69
15.0,,2016,B5,01,IM,27
578.0,,2012,ES,24,EX,T
,suppressed,2011,D5,12,EX,T
1.0,,2014,AZ,81,EX,T
,suppressed,2012,LK,43,IM,T
226.0,,2017,B5,42,IM,T
,suppressed,2018,TN,22,IM,T
0.0,,2017,HU,12,IM,T
52.0,,2012,CZ,24,IM,T
0.0,,2016,D5,38,IM,59
,suppressed,2015,ID,24,IM,T
0.0,,2013,TD,82,EX,T
69.0,,2009,SK,29,IM,T
0.0,,2009,D5,21,IM,27
,suppressed,2008,BH,19,IM,T
0.0,,2012,GI,95,EX,T
0.0,,2008,GH,39,EX,T
1.0,,2011,SC,70,EX,T
0.0,,2018,PT,09,IM,T
0.0,,2015,NZ,93,EX,T
1.0,,2014,D5,21,IM,64
,suppressed,2017,CM,09,EX,T
